{
  "best_threshold": 0.5,
  "accuracy": 0.8435914516448975,
  "precision": 0.31645569620253167,
  "recall": 0.5382331106161841,
  "f1": 0.3985706432105553,
  "win_rate": 0.31645569620253167,
  "expected_value": -0.0022025316455696197,
  "confusion_matrix": {
    "tp": 725,
    "fp": 1566,
    "tn": 11076,
    "fn": 622
  }
}