{
  "data": {
    "train_samples": 224064,
    "test_samples": 56017,
    "features": 31
  },
  "best_threshold": 0.5,
  "accuracy": 0.5960155129432678,
  "precision": 0.47841857091040985,
  "recall": 0.23815112395052812,
  "f1": 0.3180037369658249,
  "win_rate": 0.47841857091040985,
  "naive_baseline": 0.6045129299163818,
  "improvement": -0.8497416973114014,
  "confusion_matrix": {
    "tp": 5276,
    "fp": 5752,
    "tn": 28111,
    "fn": 16878
  }
}