{
  "data": {
    "train_samples": 224064,
    "test_samples": 56017,
    "features": 31
  },
  "best_threshold": 0.5,
  "accuracy": 0.5017762780189514,
  "precision": 0.39236150076684245,
  "recall": 0.473458517649183,
  "f1": 0.42911203387403607,
  "win_rate": 0.39236150076684245,
  "naive_baseline": 0.6045129299163818,
  "improvement": -10.273665189743042,
  "confusion_matrix": {
    "tp": 10489,
    "fp": 16244,
    "tn": 17619,
    "fn": 11665
  }
}