{
  "distribution_shift": {
    "feature_names": [
      "15m_RSI_14",
      "15m_EMA_9",
      "15m_EMA_21",
      "15m_SMA_50",
      "15m_BB_middle",
      "15m_BB_std",
      "15m_BB_upper",
      "15m_BB_lower",
      "15m_ATR_14",
      "15m_returns_5",
      "15m_returns_20",
      "15m_volume_sma",
      "15m_volume_ratio",
      "1h_close",
      "1h_EMA_9",
      "1h_EMA_21",
      "1h_SMA_50",
      "1h_RSI_14",
      "1h_returns_5",
      "4h_close",
      "4h_EMA_9",
      "4h_EMA_21",
      "4h_SMA_50",
      "4h_RSI_14",
      "4h_returns_5",
      "1d_close",
      "1d_EMA_9",
      "1d_EMA_21",
      "1d_SMA_50",
      "1d_RSI_14",
      "1d_returns_5"
    ],
    "train_mean": [
      50.4442214954567,
      21334.175366302254,
      21333.68561045555,
      21332.47711414438,
      21333.73425775336,
      112.00424103554155,
      21557.742750680198,
      21109.725785655603,
      107.92564348411823,
      6.103336305194975e-05,
      0.0002304565252508756,
      839.48289361593,
      1.0229218431850893,
      21334.67193257969,
      21333.283692872297,
      21331.28363173309,
      21326.467896101065,
      50.6498689755681,
      0.00023271953630512186,
      21333.666304486327,
      21328.342365000008,
      21320.020341794887,
      21299.82483414266,
      50.819704087738266,
      0.0009404170684791678,
      21345.487528259957,
      21311.628598901545,
      21262.436999654907,
      21151.298727855952,
      51.49866769719114,
      0.005665988227791034
    ],
    "train_std": [
      15.227788373801216,
      16117.154134186665,
      16116.269001941502,
      16115.480809152996,
      16116.824382305678,
      155.3467877373574,
      16309.551834683916,
      15927.825868701955,
      127.0173983749353,
      0.008462412494845393,
      0.01636404047361986,
      1010.9807425425638,
      0.6822032167883364,
      16117.39744097129,
      16114.817293712733,
      16111.397447812931,
      16108.312717000665,
      16.53852146688704,
      0.016348269298395335,
      16113.83047165136,
      16103.913192669,
      16090.65816144807,
      16079.362647085134,
      17.914668124590012,
      0.032766962825945725,
      16116.342627767426,
      16055.835397290615,
      15968.825301327894,
      15890.489874184863,
      18.06108757197415,
      0.08041730067377269
    ],
    "test_mean": [
      48.869903564453125,
      105619.75,
      105663.65625,
      105780.4921875,
      105655.9296875,
      381.9085693359375,
      106419.65625,
      104892.0625,
      356.8988952636719,
      -0.00029899567016400397,
      -0.0012859555426985025,
      253.56895446777344,
      1.0332924127578735,
      105605.6015625,
      105728.09375,
      105956.1015625,
      106550.328125,
      47.03084945678711,
      -0.001296859118156135,
      105609.359375,
      106203.078125,
      107178.6015625,
      109352.171875,
      41.488155364990234,
      -0.006155927665531635,
      105614.0,
      108130.3828125,
      109933.9453125,
      113231.9296875,
      43.368141174316406,
      -0.04124503582715988
    ],
    "test_std": [
      14.870326042175293,
      3605.022216796875,
      3590.775390625,
      3587.671142578125,
      3605.26513671875,
      252.2130126953125,
      3566.693115234375,
      3712.610595703125,
      156.57452392578125,
      0.005182038526982069,
      0.010360200889408588,
      169.0438995361328,
      0.7045726180076599,
      3609.139892578125,
      3570.044921875,
      3538.569091796875,
      3611.552490234375,
      14.694596290588379,
      0.010289903730154037,
      3579.55126953125,
      3479.054443359375,
      3317.0849609375,
      2504.0361328125,
      13.299470901489258,
      0.019529590383172035,
      3412.787353515625,
      2325.5634765625,
      1518.958251953125,
      684.8101196289062,
      9.39163875579834,
      0.025926800444722176
    ],
    "shift_metrics": [
      {
        "feature": "15m_RSI_14",
        "train_mean": 50.4442214954567,
        "test_mean": 48.869903564453125,
        "shift_sigma": -0.10338454228272087,
        "status": "\u2705 OK"
      },
      {
        "feature": "15m_EMA_9",
        "train_mean": 21334.175366302254,
        "test_mean": 105619.75,
        "shift_sigma": 5.229556901420744,
        "status": "\ud83d\udc80 CRITICAL"
      },
      {
        "feature": "15m_EMA_21",
        "train_mean": 21333.68561045555,
        "test_mean": 105663.65625,
        "shift_sigma": 5.232598849608761,
        "status": "\ud83d\udc80 CRITICAL"
      },
      {
        "feature": "15m_SMA_50",
        "train_mean": 21332.47711414438,
        "test_mean": 105780.4921875,
        "shift_sigma": 5.240179680235931,
        "status": "\ud83d\udc80 CRITICAL"
      },
      {
        "feature": "15m_BB_middle",
        "train_mean": 21333.73425775336,
        "test_mean": 105655.9296875,
        "shift_sigma": 5.23193610785523,
        "status": "\ud83d\udc80 CRITICAL"
      },
      {
        "feature": "15m_BB_std",
        "train_mean": 112.00424103554155,
        "test_mean": 381.9085693359375,
        "shift_sigma": 1.7374310227561276,
        "status": "\u26a0\ufe0f MILD"
      },
      {
        "feature": "15m_BB_upper",
        "train_mean": 21557.742750680198,
        "test_mean": 106419.65625,
        "shift_sigma": 5.203203273731431,
        "status": "\ud83d\udc80 CRITICAL"
      },
      {
        "feature": "15m_BB_lower",
        "train_mean": 21109.725785655603,
        "test_mean": 104892.0625,
        "shift_sigma": 5.2601238489790365,
        "status": "\ud83d\udc80 CRITICAL"
      },
      {
        "feature": "15m_ATR_14",
        "train_mean": 107.92564348411823,
        "test_mean": 356.8988952636719,
        "shift_sigma": 1.9601507743421414,
        "status": "\u26a0\ufe0f MILD"
      },
      {
        "feature": "15m_returns_5",
        "train_mean": 6.103336305194975e-05,
        "test_mean": -0.00029899567016400397,
        "shift_sigma": -0.04254449111707257,
        "status": "\u2705 OK"
      },
      {
        "feature": "15m_returns_20",
        "train_mean": 0.0002304565252508756,
        "test_mean": -0.0012859555426985025,
        "shift_sigma": -0.09266733789823825,
        "status": "\u2705 OK"
      },
      {
        "feature": "15m_volume_sma",
        "train_mean": 839.48289361593,
        "test_mean": 253.56895446777344,
        "shift_sigma": -0.5795500492666296,
        "status": "\u2705 OK"
      },
      {
        "feature": "15m_volume_ratio",
        "train_mean": 1.0229218431850893,
        "test_mean": 1.0332924127578735,
        "shift_sigma": 0.015201584099246313,
        "status": "\u2705 OK"
      },
      {
        "feature": "1h_close",
        "train_mean": 21334.67193257969,
        "test_mean": 105605.6015625,
        "shift_sigma": 5.2285693108056694,
        "status": "\ud83d\udc80 CRITICAL"
      },
      {
        "feature": "1h_EMA_9",
        "train_mean": 21333.283692872297,
        "test_mean": 105728.09375,
        "shift_sigma": 5.237093819863208,
        "status": "\ud83d\udc80 CRITICAL"
      },
      {
        "feature": "1h_EMA_21",
        "train_mean": 21331.28363173309,
        "test_mean": 105956.1015625,
        "shift_sigma": 5.252481555673772,
        "status": "\ud83d\udc80 CRITICAL"
      },
      {
        "feature": "1h_SMA_50",
        "train_mean": 21326.467896101065,
        "test_mean": 106550.328125,
        "shift_sigma": 5.290675797407007,
        "status": "\ud83d\udc80 CRITICAL"
      },
      {
        "feature": "1h_RSI_14",
        "train_mean": 50.6498689755681,
        "test_mean": 47.03084945678711,
        "shift_sigma": -0.21882364309451036,
        "status": "\u2705 OK"
      },
      {
        "feature": "1h_returns_5",
        "train_mean": 0.00023271953630512186,
        "test_mean": -0.001296859118156135,
        "shift_sigma": -0.09356211514153322,
        "status": "\u2705 OK"
      },
      {
        "feature": "4h_close",