{
  "rule_based": {
    "stats": {
      "total_trades": 1065,
      "winning_trades": 262,
      "losing_trades": 803,
      "win_rate": 24.60093896713615,
      "profit_factor": 0.8860263147032953,
      "total_pnl": -73.93306290246053,
      "avg_pnl": -0.06942071634033853,
      "avg_win": 2.1937111187485505,
      "avg_loss": -0.8078273673905113
    },
    "signal_count": 1065
  },
  "ml": {
    "stats": {
      "total_trades": 7976,
      "winning_trades": 2142,
      "losing_trades": 5834,
      "win_rate": 26.855566700100304,
      "profit_factor": 0.859923981844948,
      "total_pnl": -712.799535216233,
      "avg_pnl": -0.08936804604014958,
      "avg_win": 2.042886386473694,
      "avg_loss": -0.8722424023042313
    },
    "signal_count": 7976
  },
  "hybrid": {
    "stats": {
      "total_trades": 857,
      "winning_trades": 228,
      "losing_trades": 629,
      "win_rate": 26.60443407234539,
      "profit_factor": 0.9500707358323206,
      "total_pnl": -26.368646260210237,
      "avg_pnl": -0.030768548728366672,
      "avg_win": 2.2006641192626764,
      "avg_loss": -0.8396185460287762
    },
    "signal_count": 857
  },
  "overlap_analysis": {
    "rule_signals_total": 1065,
    "ml_signals_total": 7976,
    "hybrid_signals_total": 857,
    "rule_only": 208,
    "ml_only": 7119,
    "hybrid_only": 0,
    "rule_and_ml": 0,
    "rule_and_hybrid": 0,
    "ml_and_hybrid": 0,
    "all_three": 857,
    "rule_only_wr": 16.346153846153847,
    "rule_only_pnl": -47.564416642250364,
    "ml_only_wr": 26.885798567214497,
    "ml_only_pnl": -686.4308889560234
  }
}