{
  "timestamp": "2025-11-14T17:39:47.778073",
  "pair": "BTC_USDT_15m",
  "trades": 2202,
  "wins": 1210,
  "losses": 992,
  "win_rate": 54.950045413260675,
  "profit_factor": 1.3092586505249464,
  "total_pnl": 789443.4643560388,
  "avg_trade": 358.5120183269936,
  "capital_start": 100000,
  "capital_end": 889443.4643560405,
  "return_pct": 789.4434643560404
}