{
  "model": "baseline_31_features",
  "threshold": 0.82,
  "tp": 0.03,
  "sl": 0.012,
  "metrics": {
    "pf": 1.6429174721146156,
    "mdd": 12.3255579998273,
    "return": 27.38351803404324,
    "trades": 45,
    "win_rate": 0.4888888888888889
  },
  "timestamp": "2025-10-18T10:28:50.544499"
}