{
  "input_dim": 54,
  "n_features": 54,
  "best_threshold": 0.8000000000000003,
  "best_win_rate": 0.6557610241820768,
  "accuracy_default": 0.7678088209453523,
  "class_weights": {
    "0": 0.6970146828100485,
    "1": 1.768940956248612
  }
}